{
  "coverage": "100%",
  "expectCount": 12,
  "actualCount": 12,
  "files": {
    "src/js/buttonActions.js": {
      "expectCount": 6,
      "actualCount": 6,
      "undocumentLines": []
    },
    "src/js/checkStyle.js": {
      "expectCount": 1,
      "actualCount": 1,
      "undocumentLines": []
    },
    "src/js/fonts.js": {
      "expectCount": 1,
      "actualCount": 1,
      "undocumentLines": []
    },
    "src/js/main.js": {
      "expectCount": 4,
      "actualCount": 4,
      "undocumentLines": []
    }
  }
}