[
  {
    "__docId__": 1,
    "kind": "external",
    "name": "Infinity",
    "externalLink": "https://developer.mozilla.org/en-US/docs/Web/JavaScript/Reference/Global_Objects/Infinity",
    "memberof": "src/.external-ecmascript.js",
    "static": true,
    "longname": "src/.external-ecmascript.js~Infinity",
    "access": "public",
    "description": "",
    "builtinExternal": true
  },
  {
    "__docId__": 2,
    "kind": "external",
    "name": "NaN",
    "externalLink": "https://developer.mozilla.org/en-US/docs/Web/JavaScript/Reference/Global_Objects/NaN",
    "memberof": "src/.external-ecmascript.js",
    "static": true,
    "longname": "src/.external-ecmascript.js~NaN",
    "access": "public",
    "description": "",
    "builtinExternal": true
  },
  {
    "__docId__": 3,
    "kind": "external",
    "name": "undefined",
    "externalLink": "https://developer.mozilla.org/en-US/docs/Web/JavaScript/Reference/Global_Objects/undefined",
    "memberof": "src/.external-ecmascript.js",
    "static": true,
    "longname": "src/.external-ecmascript.js~undefined",
    "access": "public",
    "description": "",
    "builtinExternal": true
  },
  {
    "__docId__": 4,
    "kind": "external",
    "name": "null",
    "externalLink": "https://developer.mozilla.org/en-US/docs/Web/JavaScript/Reference/Global_Objects/null",
    "memberof": "src/.external-ecmascript.js",
    "static": true,
    "longname": "src/.external-ecmascript.js~null",
    "access": "public",
    "description": "",
    "builtinExternal": true
  },
  {
    "__docId__": 5,
    "kind": "external",
    "name": "Object",
    "externalLink": "https://developer.mozilla.org/en-US/docs/Web/JavaScript/Reference/Global_Objects/Object",
    "memberof": "src/.external-ecmascript.js",
    "static": true,
    "longname": "src/.external-ecmascript.js~Object",
    "access": "public",
    "description": "",
    "builtinExternal": true
  },
  {
    "__docId__": 6,
    "kind": "external",
    "name": "object",
    "externalLink": "https://developer.mozilla.org/en-US/docs/Web/JavaScript/Reference/Global_Objects/Object",
    "memberof": "src/.external-ecmascript.js",
    "static": true,
    "longname": "src/.external-ecmascript.js~object",
    "access": "public",
    "description": "",
    "builtinExternal": true
  },
  {
    "__docId__": 7,
    "kind": "external",
    "name": "Function",
    "externalLink": "https://developer.mozilla.org/en-US/docs/Web/JavaScript/Reference/Global_Objects/Function",
    "memberof": "src/.external-ecmascript.js",
    "static": true,
    "longname": "src/.external-ecmascript.js~Function",
    "access": "public",
    "description": "",
    "builtinExternal": true
  },
  {
    "__docId__": 8,
    "kind": "external",
    "name": "function",
    "externalLink": "https://developer.mozilla.org/en-US/docs/Web/JavaScript/Reference/Global_Objects/Function",
    "memberof": "src/.external-ecmascript.js",
    "static": true,
    "longname": "src/.external-ecmascript.js~function",
    "access": "public",
    "description": "",
    "builtinExternal": true
  },
  {
    "__docId__": 9,
    "kind": "external",
    "name": "Boolean",
    "externalLink": "https://developer.mozilla.org/en-US/docs/Web/JavaScript/Reference/Global_Objects/Boolean",
    "memberof": "src/.external-ecmascript.js",
    "static": true,
    "longname": "src/.external-ecmascript.js~Boolean",
    "access": "public",
    "description": "",
    "builtinExternal": true
  },
  {
    "__docId__": 10,
    "kind": "external",
    "name": "boolean",
    "externalLink": "https://developer.mozilla.org/en-US/docs/Web/JavaScript/Reference/Global_Objects/Boolean",
    "memberof": "src/.external-ecmascript.js",
    "static": true,
    "longname": "src/.external-ecmascript.js~boolean",
    "access": "public",
    "description": "",
    "builtinExternal": true
  },
  {
    "__docId__": 11,
    "kind": "external",
    "name": "Symbol",
    "externalLink": "https://developer.mozilla.org/en-US/docs/Web/JavaScript/Reference/Global_Objects/Symbol",
    "memberof": "src/.external-ecmascript.js",
    "static": true,
    "longname": "src/.external-ecmascript.js~Symbol",
    "access": "public",
    "description": "",
    "builtinExternal": true
  },
  {
    "__docId__": 12,
    "kind": "external",
    "name": "Error",
    "externalLink": "https://developer.mozilla.org/en-US/docs/Web/JavaScript/Reference/Global_Objects/Error",
    "memberof": "src/.external-ecmascript.js",
    "static": true,
    "longname": "src/.external-ecmascript.js~Error",
    "access": "public",
    "description": "",
    "builtinExternal": true
  },
  {
    "__docId__": 13,
    "kind": "external",
    "name": "EvalError",
    "externalLink": "https://developer.mozilla.org/en-US/docs/Web/JavaScript/Reference/Global_Objects/EvalError",
    "memberof": "src/.external-ecmascript.js",
    "static": true,
    "longname": "src/.external-ecmascript.js~EvalError",
    "access": "public",
    "description": "",
    "builtinExternal": true
  },
  {
    "__docId__": 14,
    "kind": "external",
    "name": "InternalError",
    "externalLink": "https://developer.mozilla.org/en-US/docs/Web/JavaScript/Reference/Global_Objects/InternalError",
    "memberof": "src/.external-ecmascript.js",
    "static": true,
    "longname": "src/.external-ecmascript.js~InternalError",
    "access": "public",
    "description": "",
    "builtinExternal": true
  },
  {
    "__docId__": 15,
    "kind": "external",
    "name": "RangeError",
    "externalLink": "https://developer.mozilla.org/en-US/docs/Web/JavaScript/Reference/Global_Objects/RangeError",
    "memberof": "src/.external-ecmascript.js",
    "static": true,
    "longname": "src/.external-ecmascript.js~RangeError",
    "access": "public",
    "description": "",
    "builtinExternal": true
  },
  {
    "__docId__": 16,
    "kind": "external",
    "name": "ReferenceError",
    "externalLink": "https://developer.mozilla.org/en-US/docs/Web/JavaScript/Reference/Global_Objects/ReferenceError",
    "memberof": "src/.external-ecmascript.js",
    "static": true,
    "longname": "src/.external-ecmascript.js~ReferenceError",
    "access": "public",
    "description": "",
    "builtinExternal": true
  },
  {
    "__docId__": 17,
    "kind": "external",
    "name": "SyntaxError",
    "externalLink": "https://developer.mozilla.org/en-US/docs/Web/JavaScript/Reference/Global_Objects/SyntaxError",
    "memberof": "src/.external-ecmascript.js",
    "static": true,
    "longname": "src/.external-ecmascript.js~SyntaxError",
    "access": "public",
    "description": "",
    "builtinExternal": true
  },
  {
    "__docId__": 18,
    "kind": "external",
    "name": "TypeError",
    "externalLink": "https://developer.mozilla.org/en-US/docs/Web/JavaScript/Reference/Global_Objects/TypeError",
    "memberof": "src/.external-ecmascript.js",
    "static": true,
    "longname": "src/.external-ecmascript.js~TypeError",
    "access": "public",
    "description": "",
    "builtinExternal": true
  },
  {
    "__docId__": 19,
    "kind": "external",
    "name": "URIError",
    "externalLink": "https://developer.mozilla.org/en-US/docs/Web/JavaScript/Reference/Global_Objects/URIError",
    "memberof": "src/.external-ecmascript.js",
    "static": true,
    "longname": "src/.external-ecmascript.js~URIError",
    "access": "public",
    "description": "",
    "builtinExternal": true
  },
  {
    "__docId__": 20,
    "kind": "external",
    "name": "Number",
    "externalLink": "https://developer.mozilla.org/en-US/docs/Web/JavaScript/Reference/Global_Objects/Number",
    "memberof": "src/.external-ecmascript.js",
    "static": true,
    "longname": "src/.external-ecmascript.js~Number",
    "access": "public",
    "description": "",
    "builtinExternal": true
  },
  {
    "__docId__": 21,
    "kind": "external",
    "name": "number",
    "externalLink": "https://developer.mozilla.org/en-US/docs/Web/JavaScript/Reference/Global_Objects/Number",
    "memberof": "src/.external-ecmascript.js",
    "static": true,
    "longname": "src/.external-ecmascript.js~number",
    "access": "public",
    "description": "",
    "builtinExternal": true
  },
  {
    "__docId__": 22,
    "kind": "external",
    "name": "Date",
    "externalLink": "https://developer.mozilla.org/en-US/docs/Web/JavaScript/Reference/Global_Objects/Date",
    "memberof": "src/.external-ecmascript.js",
    "static": true,
    "longname": "src/.external-ecmascript.js~Date",
    "access": "public",
    "description": "",
    "builtinExternal": true
  },
  {
    "__docId__": 23,
    "kind": "external",
    "name": "String",
    "externalLink": "https://developer.mozilla.org/en-US/docs/Web/JavaScript/Reference/Global_Objects/String",
    "memberof": "src/.external-ecmascript.js",
    "static": true,
    "longname": "src/.external-ecmascript.js~String",
    "access": "public",
    "description": "",
    "builtinExternal": true
  },
  {
    "__docId__": 24,
    "kind": "external",
    "name": "string",
    "externalLink": "https://developer.mozilla.org/en-US/docs/Web/JavaScript/Reference/Global_Objects/String",
    "memberof": "src/.external-ecmascript.js",
    "static": true,
    "longname": "src/.external-ecmascript.js~string",
    "access": "public",
    "description": "",
    "builtinExternal": true
  },
  {
    "__docId__": 25,
    "kind": "external",
    "name": "RegExp",
    "externalLink": "https://developer.mozilla.org/en-US/docs/Web/JavaScript/Reference/Global_Objects/RegExp",
    "memberof": "src/.external-ecmascript.js",
    "static": true,
    "longname": "src/.external-ecmascript.js~RegExp",
    "access": "public",
    "description": "",
    "builtinExternal": true
  },
  {
    "__docId__": 26,
    "kind": "external",
    "name": "Array",
    "externalLink": "https://developer.mozilla.org/en-US/docs/Web/JavaScript/Reference/Global_Objects/Array",
    "memberof": "src/.external-ecmascript.js",
    "static": true,
    "longname": "src/.external-ecmascript.js~Array",
    "access": "public",
    "description": "",
    "builtinExternal": true
  },
  {
    "__docId__": 27,
    "kind": "external",
    "name": "Int8Array",
    "externalLink": "https://developer.mozilla.org/en-US/docs/Web/JavaScript/Reference/Global_Objects/Int8Array",
    "memberof": "src/.external-ecmascript.js",
    "static": true,
    "longname": "src/.external-ecmascript.js~Int8Array",
    "access": "public",
    "description": "",
    "builtinExternal": true
  },
  {
    "__docId__": 28,
    "kind": "external",
    "name": "Uint8Array",
    "externalLink": "https://developer.mozilla.org/en-US/docs/Web/JavaScript/Reference/Global_Objects/Uint8Array",
    "memberof": "src/.external-ecmascript.js",
    "static": true,
    "longname": "src/.external-ecmascript.js~Uint8Array",
    "access": "public",
    "description": "",
    "builtinExternal": true
  },
  {
    "__docId__": 29,
    "kind": "external",
    "name": "Uint8ClampedArray",
    "externalLink": "https://developer.mozilla.org/en-US/docs/Web/JavaScript/Reference/Global_Objects/Uint8ClampedArray",
    "memberof": "src/.external-ecmascript.js",
    "static": true,
    "longname": "src/.external-ecmascript.js~Uint8ClampedArray",
    "access": "public",
    "description": "",
    "builtinExternal": true
  },
  {
    "__docId__": 30,
    "kind": "external",
    "name": "Int16Array",
    "externalLink": "https://developer.mozilla.org/en-US/docs/Web/JavaScript/Reference/Global_Objects/Int16Array",
    "memberof": "src/.external-ecmascript.js",
    "static": true,
    "longname": "src/.external-ecmascript.js~Int16Array",
    "access": "public",
    "description": "",
    "builtinExternal": true
  },
  {
    "__docId__": 31,
    "kind": "external",
    "name": "Uint16Array",
    "externalLink": "https://developer.mozilla.org/en-US/docs/Web/JavaScript/Reference/Global_Objects/Uint16Array",
    "memberof": "src/.external-ecmascript.js",
    "static": true,
    "longname": "src/.external-ecmascript.js~Uint16Array",
    "access": "public",
    "description": "",
    "builtinExternal": true
  },
  {
    "__docId__": 32,
    "kind": "external",
    "name": "Int32Array",
    "externalLink": "https://developer.mozilla.org/en-US/docs/Web/JavaScript/Reference/Global_Objects/Int32Array",
    "memberof": "src/.external-ecmascript.js",
    "static": true,
    "longname": "src/.external-ecmascript.js~Int32Array",
    "access": "public",
    "description": "",
    "builtinExternal": true
  },
  {
    "__docId__": 33,
    "kind": "external",
    "name": "Uint32Array",
    "externalLink": "https://developer.mozilla.org/en-US/docs/Web/JavaScript/Reference/Global_Objects/Uint32Array",
    "memberof": "src/.external-ecmascript.js",
    "static": true,
    "longname": "src/.external-ecmascript.js~Uint32Array",
    "access": "public",
    "description": "",
    "builtinExternal": true
  },
  {
    "__docId__": 34,
    "kind": "external",
    "name": "Float32Array",
    "externalLink": "https://developer.mozilla.org/en-US/docs/Web/JavaScript/Reference/Global_Objects/Float32Array",
    "memberof": "src/.external-ecmascript.js",
    "static": true,
    "longname": "src/.external-ecmascript.js~Float32Array",
    "access": "public",
    "description": "",
    "builtinExternal": true
  },
  {
    "__docId__": 35,
    "kind": "external",
    "name": "Float64Array",
    "externalLink": "https://developer.mozilla.org/en-US/docs/Web/JavaScript/Reference/Global_Objects/Float64Array",
    "memberof": "src/.external-ecmascript.js",
    "static": true,
    "longname": "src/.external-ecmascript.js~Float64Array",
    "access": "public",
    "description": "",
    "builtinExternal": true
  },
  {
    "__docId__": 36,
    "kind": "external",
    "name": "Map",
    "externalLink": "https://developer.mozilla.org/en-US/docs/Web/JavaScript/Reference/Global_Objects/Map",
    "memberof": "src/.external-ecmascript.js",
    "static": true,
    "longname": "src/.external-ecmascript.js~Map",
    "access": "public",
    "description": "",
    "builtinExternal": true
  },
  {
    "__docId__": 37,
    "kind": "external",
    "name": "Set",
    "externalLink": "https://developer.mozilla.org/en-US/docs/Web/JavaScript/Reference/Global_Objects/Set",
    "memberof": "src/.external-ecmascript.js",
    "static": true,
    "longname": "src/.external-ecmascript.js~Set",
    "access": "public",
    "description": "",
    "builtinExternal": true
  },
  {
    "__docId__": 38,
    "kind": "external",
    "name": "WeakMap",
    "externalLink": "https://developer.mozilla.org/en-US/docs/Web/JavaScript/Reference/Global_Objects/WeakMap",
    "memberof": "src/.external-ecmascript.js",
    "static": true,
    "longname": "src/.external-ecmascript.js~WeakMap",
    "access": "public",
    "description": "",
    "builtinExternal": true
  },
  {
    "__docId__": 39,
    "kind": "external",
    "name": "WeakSet",
    "externalLink": "https://developer.mozilla.org/en-US/docs/Web/JavaScript/Reference/Global_Objects/WeakSet",
    "memberof": "src/.external-ecmascript.js",
    "static": true,
    "longname": "src/.external-ecmascript.js~WeakSet",
    "access": "public",
    "description": "",
    "builtinExternal": true
  },
  {
    "__docId__": 40,
    "kind": "external",
    "name": "ArrayBuffer",
    "externalLink": "https://developer.mozilla.org/en-US/docs/Web/JavaScript/Reference/Global_Objects/ArrayBuffer",
    "memberof": "src/.external-ecmascript.js",
    "static": true,
    "longname": "src/.external-ecmascript.js~ArrayBuffer",
    "access": "public",
    "description": "",
    "builtinExternal": true
  },
  {
    "__docId__": 41,
    "kind": "external",
    "name": "DataView",
    "externalLink": "https://developer.mozilla.org/en-US/docs/Web/JavaScript/Reference/Global_Objects/DataView",
    "memberof": "src/.external-ecmascript.js",
    "static": true,
    "longname": "src/.external-ecmascript.js~DataView",
    "access": "public",
    "description": "",
    "builtinExternal": true
  },
  {
    "__docId__": 42,
    "kind": "external",
    "name": "JSON",
    "externalLink": "https://developer.mozilla.org/en-US/docs/Web/JavaScript/Reference/Global_Objects/JSON",
    "memberof": "src/.external-ecmascript.js",
    "static": true,
    "longname": "src/.external-ecmascript.js~JSON",
    "access": "public",
    "description": "",
    "builtinExternal": true
  },
  {
    "__docId__": 43,
    "kind": "external",
    "name": "Promise",
    "externalLink": "https://developer.mozilla.org/en-US/docs/Web/JavaScript/Reference/Global_Objects/Promise",
    "memberof": "src/.external-ecmascript.js",
    "static": true,
    "longname": "src/.external-ecmascript.js~Promise",
    "access": "public",
    "description": "",
    "builtinExternal": true
  },
  {
    "__docId__": 44,
    "kind": "external",
    "name": "Generator",
    "externalLink": "https://developer.mozilla.org/en-US/docs/Web/JavaScript/Reference/Global_Objects/Generator",
    "memberof": "src/.external-ecmascript.js",
    "static": true,
    "longname": "src/.external-ecmascript.js~Generator",
    "access": "public",
    "description": "",
    "builtinExternal": true
  },
  {
    "__docId__": 45,
    "kind": "external",
    "name": "GeneratorFunction",
    "externalLink": "https://developer.mozilla.org/en-US/docs/Web/JavaScript/Reference/Global_Objects/GeneratorFunction",
    "memberof": "src/.external-ecmascript.js",
    "static": true,
    "longname": "src/.external-ecmascript.js~GeneratorFunction",
    "access": "public",
    "description": "",
    "builtinExternal": true
  },
  {
    "__docId__": 46,
    "kind": "external",
    "name": "Reflect",
    "externalLink": "https://developer.mozilla.org/en-US/docs/Web/JavaScript/Reference/Global_Objects/Reflect",
    "memberof": "src/.external-ecmascript.js",
    "static": true,
    "longname": "src/.external-ecmascript.js~Reflect",
    "access": "public",
    "description": "",
    "builtinExternal": true
  },
  {
    "__docId__": 47,
    "kind": "external",
    "name": "Proxy",
    "externalLink": "https://developer.mozilla.org/en-US/docs/Web/JavaScript/Reference/Global_Objects/Proxy",
    "memberof": "src/.external-ecmascript.js",
    "static": true,
    "longname": "src/.external-ecmascript.js~Proxy",
    "access": "public",
    "description": "",
    "builtinExternal": true
  },
  {
    "__docId__": 48,
    "kind": "file",
    "name": "src/js/buttonActions.js",
    "content": "import {isStyle} from \"./checkStyle.js\";\nimport {insertHtmlAtCaret} from \"./fonts.js\";\n\n/**\n * Click Event:\n * bold button\n * bold => detach bold style by removing bold class and inserting bold_false class\n * !bold => attach bold style by removing bold_false class and inserting bold class\n */\ndocument.getElementById('btn_bold').onclick = function () {\n    document.getElementById('text').focus();\n    if (isStyle('bold'))\n        insertHtmlAtCaret('bold_false');\n    else\n        insertHtmlAtCaret('bold');\n};\n\n/**\n * Click Event:\n * italic button\n * italic => detach italic style by removing italic class and inserting italic_false class\n * !italic => attach italic style by removing italic_false class and inserting italic class\n */\ndocument.getElementById('btn_italics').onclick = function () {\n    document.getElementById('text').focus();\n    if (isStyle('italic'))\n        insertHtmlAtCaret('italic_false');\n    else\n        insertHtmlAtCaret('italic');\n};\n\n/**\n * Click Event:\n * underline button\n * underline => detach underline style by removing underline class and inserting underline_false class\n * !underline => attach underline style by removing underline_false class and inserting underline class\n */\ndocument.getElementById('btn_underline').onclick = function () {\n    document.getElementById('text').focus();\n    if (isStyle('underline'))\n        insertHtmlAtCaret('underline_false');\n    else\n        insertHtmlAtCaret('underline');\n};\n\n/**\n * Click Event:\n * left align\n * left align button => blue\n * other align buttons => white\n * Apply left align style to the editable div element\n */\ndocument.getElementById('btn_leftAlign').onclick = function () {\n    document.getElementById('btn_leftAlign').style.backgroundColor = \"#2789b3\";\n    document.getElementById('btn_rightAlign').style.backgroundColor = \"#FAFAFA\";\n    document.getElementById('btn_justify').style.backgroundColor = \"#FAFAFA\";\n\n    document.getElementById('text').style.textJustify = 'none';\n    document.getElementById('text').style.textAlignLast = 'unset';\n    document.getElementById('text').style.textAlign = 'left';\n    console.log(document)\n};\n\n/**\n * Click Event:\n * right align\n * right align button => blue\n * other align buttons => white\n * Apply right align style to the editable div element\n */\ndocument.getElementById('btn_rightAlign').onclick = function () {\n    document.getElementById('btn_leftAlign').style.backgroundColor = \"#FAFAFA\";\n    document.getElementById('btn_rightAlign').style.backgroundColor = \"#2789b3\";\n    document.getElementById('btn_justify').style.backgroundColor = \"#FAFAFA\";\n\n    document.getElementById('text').style.textJustify = 'none';\n    document.getElementById('text').style.textAlignLast = 'unset';\n    document.getElementById('text').style.textAlign = 'right';\n    console.log(document)\n};\n\n/**\n * Click Event:\n * justify\n * justify button => blue\n * other align buttons => white\n * Apply justify style to the editable div element\n */\ndocument.getElementById('btn_justify').onclick = function () {\n    document.getElementById('btn_leftAlign').style.backgroundColor = \"#FAFAFA\";\n    document.getElementById('btn_rightAlign').style.backgroundColor = \"#FAFAFA\";\n    document.getElementById('btn_justify').style.backgroundColor = \"#2789b3\";\n\n    document.getElementById('text').style.textAlign = 'justify';\n    document.getElementById('text').style.textJustify = 'distribute-all-lines';\n    document.getElementById('text').style.textAlignLast = 'justify';\n};",
    "static": true,
    "longname": "/Users/ranranhe/INFO6150/assignment-6-RanranHe/src/js/buttonActions.js",
    "access": "public",
    "description": null,
    "lineNumber": 1
  },
  {
    "__docId__": 49,
    "kind": "function",
    "name": "onclick",
    "memberof": "src/js/buttonActions.js",
    "generator": false,
    "async": false,
    "static": true,
    "longname": "src/js/buttonActions.js~onclick",
    "access": "public",
    "export": false,
    "importPath": "./src/js/buttonActions.js",
    "importStyle": null,
    "description": "Click Event:\nbold button\nbold => detach bold style by removing bold class and inserting bold_false class\n!bold => attach bold style by removing bold_false class and inserting bold class",
    "lineNumber": 10,
    "params": [],
    "return": null,
    "ignore": true
  },
  {
    "__docId__": 50,
    "kind": "function",
    "name": "onclick",
    "memberof": "src/js/buttonActions.js",
    "generator": false,
    "async": false,
    "static": true,
    "longname": "src/js/buttonActions.js~onclick",
    "access": "public",
    "export": false,
    "importPath": "./src/js/buttonActions.js",
    "importStyle": null,
    "description": "Click Event:\nitalic button\nitalic => detach italic style by removing italic class and inserting italic_false class\n!italic => attach italic style by removing italic_false class and inserting italic class",
    "lineNumber": 24,
    "params": [],
    "return": null,
    "ignore": true
  },
  {
    "__docId__": 51,
    "kind": "function",
    "name": "onclick",
    "memberof": "src/js/buttonActions.js",
    "generator": false,
    "async": false,
    "static": true,
    "longname": "src/js/buttonActions.js~onclick",
    "access": "public",
    "export": false,
    "importPath": "./src/js/buttonActions.js",
    "importStyle": null,
    "description": "Click Event:\nunderline button\nunderline => detach underline style by removing underline class and inserting underline_false class\n!underline => attach underline style by removing underline_false class and inserting underline class",
    "lineNumber": 38,
    "params": [],
    "return": null,
    "ignore": true
  },
  {
    "__docId__": 52,
    "kind": "function",
    "name": "onclick",
    "memberof": "src/js/buttonActions.js",
    "generator": false,
    "async": false,
    "static": true,
    "longname": "src/js/buttonActions.js~onclick",
    "access": "public",
    "export": false,
    "importPath": "./src/js/buttonActions.js",
    "importStyle": null,
    "description": "Click Event:\nleft align\nleft align button => blue\nother align buttons => white\nApply left align style to the editable div element",
    "lineNumber": 53,
    "params": [],
    "return": null,
    "ignore": true
  },
  {
    "__docId__": 53,
    "kind": "function",
    "name": "onclick",
    "memberof": "src/js/buttonActions.js",
    "generator": false,
    "async": false,
    "static": true,
    "longname": "src/js/buttonActions.js~onclick",
    "access": "public",
    "export": false,
    "importPath": "./src/js/buttonActions.js",
    "importStyle": null,
    "description": "Click Event:\nright align\nright align button => blue\nother align buttons => white\nApply right align style to the editable div element",
    "lineNumber": 71,
    "params": [],
    "return": null,
    "ignore": true
  },
  {
    "__docId__": 54,
    "kind": "function",
    "name": "onclick",
    "memberof": "src/js/buttonActions.js",
    "generator": false,
    "async": false,
    "static": true,
    "longname": "src/js/buttonActions.js~onclick",
    "access": "public",
    "export": false,
    "importPath": "./src/js/buttonActions.js",
    "importStyle": null,
    "description": "Click Event:\njustify\njustify button => blue\nother align buttons => white\nApply justify style to the editable div element",
    "lineNumber": 89,
    "params": [],
    "return": null,
    "ignore": true
  },
  {
    "__docId__": 55,
    "kind": "file",
    "name": "src/js/checkStyle.js",
    "content": "/**\n * Check if the style is applied to the selected text\n * Check three parts:\n * 1. element which the first index is in;\n * 2. element which the last index is in;\n * 3. element between them\n * @param style\n * @returns {*|boolean}\n */\nexport function isStyle(style) {\n    // get range of selection\n    const range = window.getSelection().getRangeAt(0);\n    // create a new div element to store contents in range\n    const el = document.createElement(\"div\");\n    el.append(range.cloneContents());\n\n    // indicate whether the middle part is in this style\n    let flag = true;\n    // check the common ancestor container of the range\n    // if the the container is not an element or doesn't have this style\n    if (range.commonAncestorContainer.classList === undefined || !range.commonAncestorContainer.classList.contains(style)) {\n        if (el.childElementCount === 0) {\n            // check whether the style is applied to all of the children\n            AllBold(el, true);\n        } else {\n            // if there exists node (which is not element)\n            if (el.childElementCount < el.childNodes.length) {\n                el.childNodes.forEach(node => {\n                    // check whether the node is empty\n                    // if not empty indicator => false\n                    if (!((node.innerText === undefined && node.nodeValue === \"\") || node.innerText !== undefined)) {\n                        flag = false;\n                    }\n                });\n                if (flag) { // if indicator is true, then go ahead with true indicator\n                    AllBold(el, true);\n                }\n            } else {\n                // go ahead with false indicator\n                AllBold(el, false);\n            }\n        }\n    } else {\n        // if style is applied to the container, then return true; else return false\n        AllBold(el, !range.commonAncestorContainer.classList.contains(style + '_false'));\n    }\n\n    /**\n     * Helper function:\n     * check the middle part\n     * @param ele\n     * @param bool\n     * @constructor\n     */\n    function AllBold(ele, bool) {\n        if (!bool && ele.childElementCount === 0 && ele.childNodes.length !== 0) {\n            flag = false;\n            return;\n        }\n        if (ele.childElementCount !== 0) {\n            for (let i = 0; i < ele.childNodes.length; i++) {\n                if (ele.childNodes[i].tagName !== undefined) {\n                    if (ele.childNodes[i].classList.contains(style)) {\n                        AllBold(ele.childNodes[i], true);\n                    } else {\n                        if (ele.childNodes[i].classList.contains(style + '_false')) {\n                            if (ele.childNodes[i].childNodes.length > ele.childNodes[i].childElementCount) {\n                                ele.childNodes.forEach(node => {\n                                    if (!(node.innerText === undefined && node.nodeValue === \"\" && node.innerText !== undefined)) {\n                                        flag = false;\n                                        return;\n                                    }\n                                });\n                                if (flag) {\n                                    AllBold(ele, false);\n                                }\n                            } else {\n                                AllBold(ele.childNodes[i], false);\n                            }\n                        } else {\n                            if (!bool && ele.childNodes[i].childElementCount < ele.childNodes[i].childNodes.length) {\n                                if (ele.childNodes[i].childNodes.length > ele.childNodes[i].childElementCount) {\n                                    ele.childNodes.forEach(node => {\n                                        if (!(node.innerText === undefined && node.nodeValue === \"\" && node.innerText !== undefined)) {\n                                            flag = false;\n                                            return;\n                                        }\n                                    });\n                                    if (flag) {\n                                        AllBold(ele, false);\n                                    }\n                                }\n                            } else {\n                                AllBold(ele.childNodes[i], bool);\n                            }\n                        }\n                    }\n                }\n            }\n        }\n    }\n\n    /**\n     * Check the first index and the last index place\n     * @returns {boolean}\n     */\n    const checkTwoSides = function () {\n        if (style === 'italic')\n            return getComputedStyle(window.getSelection().anchorNode.parentElement).fontStyle === 'italic'\n                && getComputedStyle(window.getSelection().focusNode.parentElement).fontStyle === 'italic';\n        if (style === 'bold')\n            return getComputedStyle(window.getSelection().anchorNode.parentElement).fontWeight === '700'\n                && getComputedStyle(window.getSelection().focusNode.parentElement).fontWeight === '700';\n        if (style === 'underline')\n            return getComputedStyle(window.getSelection().anchorNode.parentElement).textDecoration.toString().includes('underline')\n                && getComputedStyle(window.getSelection().focusNode.parentElement).textDecoration.toString().includes('underline');\n    };\n    // determine whether the whole slected text is applied with this style\n    return (checkTwoSides() && flag);\n}",
    "static": true,
    "longname": "/Users/ranranhe/INFO6150/assignment-6-RanranHe/src/js/checkStyle.js",
    "access": "public",
    "description": null,
    "lineNumber": 1
  },
  {
    "__docId__": 56,
    "kind": "function",
    "name": "isStyle",
    "memberof": "src/js/checkStyle.js",
    "generator": false,
    "async": false,
    "static": true,
    "longname": "src/js/checkStyle.js~isStyle",
    "access": "public",
    "export": true,
    "importPath": "./src/js/checkStyle.js",
    "importStyle": "{isStyle}",
    "description": "Check if the style is applied to the selected text\nCheck three parts:\n1. element which the first index is in;\n2. element which the last index is in;\n3. element between them",
    "lineNumber": 10,
    "unknown": [
      {
        "tagName": "@returns",
        "tagValue": "{*|boolean}"
      }
    ],
    "params": [
      {
        "nullable": null,
        "types": [
          "*"
        ],
        "spread": false,
        "optional": false,
        "name": "style",
        "description": ""
      }
    ],
    "return": {
      "nullable": null,
      "types": [
        "*",
        "boolean"
      ],
      "spread": false,
      "description": ""
    }
  },
  {
    "__docId__": 57,
    "kind": "file",
    "name": "src/js/fonts.js",
    "content": "/**\n * Take a one of the styles (bold, italic, underline, bold_false, italic_false, underline_false)\n * And apply it to the selected text\n * @param style\n */\nexport function insertHtmlAtCaret(style) {\n    let sel, range;\n    if (window.getSelection()) {\n        // get the selection\n        sel = window.getSelection();\n        if (sel.getRangeAt && sel.rangeCount) {\n            range = sel.getRangeAt(0); // get the range\n\n            // create new elements\n            const el = document.createElement(\"div\");\n            const span = document.createElement('div');\n            // clone selected contents and add it to the new element\n            span.append(range.cloneContents());\n\n            // ======= Bold Style ======= //\n            if (style === 'bold') {\n                removeClass(span, \"bold_false\");\n                addClass(span, \"bold\");\n                el.innerHTML = span.innerHTML;\n            }\n            // ======= !Bold Style ======= //\n            if (style === 'bold_false') {\n                removeClass(span, \"bold\");\n                addClass(span, \"bold_false\");\n                el.innerHTML = span.innerHTML;\n            }\n            // ======= Italic Style ======= //\n            if (style === 'italic') {\n                removeClass(span, \"italic_false\");\n                addClass(span, \"italic\");\n                el.innerHTML = span.innerHTML;\n            }\n            // ======= !Italic Style ======= //\n            if (style === 'italic_false') {\n                removeClass(span, \"italic\");\n                addClass(span, \"italic_false\");\n                el.innerHTML = span.innerHTML;\n            }\n            // ======= Underline Style ======= //\n            if (style === 'underline') {\n                removeClass(span, \"underline_false\");\n                addClass(span, \"underline\");\n                el.innerHTML = span.innerHTML;\n            }\n            // ======= !Underline Style ======= //\n            if (style === 'underline_false') {\n                removeClass(span, \"underline\");\n                addClass(span, \"underline_false\");\n                el.innerHTML = span.innerHTML;\n            }\n\n            // delete the contents in range, in order to add new content.\n            range.deleteContents();\n\n            // append the updated elements to unselected part\n            let frag = document.createDocumentFragment(), node, lastNode;\n            while ((node = el.firstChild)) {\n                lastNode = frag.appendChild(node);\n            }\n            range.insertNode(frag);\n            if (lastNode) {\n                range = range.cloneRange();\n                range.setStartAfter(lastNode);\n                range.collapse(true);\n                sel.addRange(range);\n            }\n        }\n    }\n\n    /**\n     * Helper Function:\n     * Remove certain class from all elements in selected area\n     * @param element\n     * @param style\n     */\n    function removeClass(element, style) {\n        if (element.childElementCount === 0) {\n            return;\n        }\n        element.childNodes.forEach(node => {\n            if (node.className !== undefined) {\n                if (node.classList.contains(style)) {\n                    node.classList.remove(style);\n                }\n            }\n            // recursion for child nodes\n            removeClass(node, style);\n        })\n    }\n\n    /**\n     * Helper Function:\n     * Add certain class to exist elements in selected area\n     * and create an element for node (which is not an element)\n     * @param element\n     * @param style\n     */\n    function addClass(element, style) {\n        for (let i = 0; i < element.childNodes.length; i++) {\n            if (element.childNodes[i].className !== undefined) {\n                if (!element.childNodes[i].classList.contains(style)) {\n                    element.childNodes[i].classList.add(style);\n                }\n                // recursion for child nodes\n                addClass(element.childNodes[i], style);\n            } else {\n                // create an new element, in order to put node value in\n                const temp = document.createElement('span');\n\n                // add certain class to the new element\n                temp.classList.add(\"\" + style);\n                // update the content of the element.\n                temp.innerHTML = element.childNodes[i].nodeValue;\n                // use the new element to replace the child node\n                element.replaceChild(temp, element.childNodes[i]);\n            }\n        }\n    }\n\n}\n\n\n\n",
    "static": true,
    "longname": "/Users/ranranhe/INFO6150/assignment-6-RanranHe/src/js/fonts.js",
    "access": "public",
    "description": null,
    "lineNumber": 1
  },
  {
    "__docId__": 58,
    "kind": "function",
    "name": "insertHtmlAtCaret",
    "memberof": "src/js/fonts.js",
    "generator": false,
    "async": false,
    "static": true,
    "longname": "src/js/fonts.js~insertHtmlAtCaret",
    "access": "public",
    "export": true,
    "importPath": "./src/js/fonts.js",
    "importStyle": "{insertHtmlAtCaret}",
    "description": "Take a one of the styles (bold, italic, underline, bold_false, italic_false, underline_false)\nAnd apply it to the selected text",
    "lineNumber": 6,
    "params": [
      {
        "nullable": null,
        "types": [
          "*"
        ],
        "spread": false,
        "optional": false,
        "name": "style",
        "description": ""
      }
    ],
    "return": null
  },
  {
    "__docId__": 59,
    "kind": "file",
    "name": "src/js/main.js",
    "content": "import {isStyle} from \"./checkStyle.js\";\n\n/**\n * When no text is selected, reset all button colors.\n * When text is selected, check the applied styles and set the button color\n * @type {document.onmouseup}\n */\ndocument.onkeyup = document.onmouseup = function () {\n    if (window.getSelection().isCollapsed) {\n        resetAllButtons();\n        return;\n    }\n    // Call helper functions and change button colors\n    buttonBoldColor();\n    buttonItalicsColor();\n    buttonUnderlineColor();\n};\n\n/**\n * Helper function:\n * reset all font styles color.\n */\nfunction resetAllButtons() {\n    document.getElementById('btn_bold').style.backgroundColor = \"#FAFAFA\";\n    document.getElementById('btn_italics').style.backgroundColor = \"#FAFAFA\";\n    document.getElementById('btn_underline').style.backgroundColor = \"#FAFAFA\";\n}\n\n/**\n * Helper function:\n * check whether bold is applied to the selected text\n * true => change button color\n */\nfunction buttonBoldColor() {\n    if (isStyle('bold'))\n        document.getElementById('btn_bold').style.backgroundColor = \"#2789b3\";\n    else\n        document.getElementById('btn_bold').style.backgroundColor = \"#FAFAFA\";\n}\n\n/**\n * Helper function:\n * check whether italic is applied to the selected text\n * true => change button color\n */\nfunction buttonItalicsColor() {\n    if (isStyle('italic'))\n        document.getElementById('btn_italics').style.backgroundColor = \"#2789b3\";\n    else\n        document.getElementById('btn_italics').style.backgroundColor = \"#FAFAFA\";\n}\n\n/**\n * Helper function:\n * check whether underline is applied to the selected text\n * true => change button color\n */\nfunction buttonUnderlineColor() {\n    if (isStyle('underline'))\n        document.getElementById('btn_underline').style.backgroundColor = \"#2789b3\";\n    else\n        document.getElementById('btn_underline').style.backgroundColor = \"#FAFAFA\";\n}\n\n\n\n\n\n\n\n\n\n",
    "static": true,
    "longname": "/Users/ranranhe/INFO6150/assignment-6-RanranHe/src/js/main.js",
    "access": "public",
    "description": null,
    "lineNumber": 1
  },
  {
    "__docId__": 60,
    "kind": "function",
    "name": "resetAllButtons",
    "memberof": "src/js/main.js",
    "generator": false,
    "async": false,
    "static": true,
    "longname": "src/js/main.js~resetAllButtons",
    "access": "public",
    "export": false,
    "importPath": "./src/js/main.js",
    "importStyle": null,
    "description": "Helper function:\nreset all font styles color.",
    "lineNumber": 23,
    "params": [],
    "return": null,
    "ignore": true
  },
  {
    "__docId__": 61,
    "kind": "function",
    "name": "buttonBoldColor",
    "memberof": "src/js/main.js",
    "generator": false,
    "async": false,
    "static": true,
    "longname": "src/js/main.js~buttonBoldColor",
    "access": "public",
    "export": false,
    "importPath": "./src/js/main.js",
    "importStyle": null,
    "description": "Helper function:\ncheck whether bold is applied to the selected text\ntrue => change button color",
    "lineNumber": 34,
    "params": [],
    "return": null,
    "ignore": true
  },
  {
    "__docId__": 62,
    "kind": "function",
    "name": "buttonItalicsColor",
    "memberof": "src/js/main.js",
    "generator": false,
    "async": false,
    "static": true,
    "longname": "src/js/main.js~buttonItalicsColor",
    "access": "public",
    "export": false,
    "importPath": "./src/js/main.js",
    "importStyle": null,
    "description": "Helper function:\ncheck whether italic is applied to the selected text\ntrue => change button color",
    "lineNumber": 46,
    "params": [],
    "return": null,
    "ignore": true
  },
  {
    "__docId__": 63,
    "kind": "function",
    "name": "buttonUnderlineColor",
    "memberof": "src/js/main.js",
    "generator": false,
    "async": false,
    "static": true,
    "longname": "src/js/main.js~buttonUnderlineColor",
    "access": "public",
    "export": false,
    "importPath": "./src/js/main.js",
    "importStyle": null,
    "description": "Helper function:\ncheck whether underline is applied to the selected text\ntrue => change button color",
    "lineNumber": 58,
    "params": [],
    "return": null,
    "ignore": true
  },
  {
    "kind": "index",
    "content": "# assignment-6-RanranHe\nassignment-6-RanranHe created by GitHub Classroom\n",
    "longname": "/Users/ranranhe/INFO6150/assignment-6-RanranHe/README.md",
    "name": "./README.md",
    "static": true,
    "access": "public"
  },
  {
    "kind": "packageJSON",
    "content": "",
    "longname": "",
    "name": "",
    "static": true,
    "access": "public"
  }
]